match_id,batting_team,bowling_team,venue,innings,overs_completed,balls_bowled,wickets_fallen,current_score,current_run_rate,last_5_overs_runs,batsman1_runs,batsman2_runs,is_powerplay,final_score
1,CSK,Mumbai Indians,Brabourne,1,9,54,4,73,8.11,31,18,17,0,158
2,KKR,GT,Sawai Mansingh,1,10,60,4,92,9.2,54,27,28,0,175
3,CSK,LSG,Sawai Mansingh,1,13,78,4,105,8.08,39,64,9,0,164
4,LSG,KKR,Brabourne,1,9,54,0,94,10.44,66,48,10,0,225
5,DC,LSG,Kotla,1,4,24,2,38,9.5,38,31,3,1,179
6,DC,Mumbai Indians,Kotla,2,12,72,5,74,6.17,36,28,12,0,140
7,SRH,RCB,Uppal,1,19,114,5,156,8.21,58,40,64,0,164
8,RCB,PBKS,Ekana,1,14,84,2,108,7.71,42,45,49,0,160
9,RR,DC,Chinnaswamy,1,7,42,5,62,8.86,38,36,17,0,173
10,KKR,RCB,Eden Gardens,2,19,114,5,181,9.53,52,76,35,0,188
11,LSG,CSK,Chinnaswamy,2,4,24,2,43,10.75,43,28,1,1,209
12,GT,KKR,Brabourne,1,13,78,5,105,8.08,36,58,5,0,163
13,Mumbai Indians,CSK,Brabourne,1,9,54,4,74,8.22,43,47,4,0,174
14,PBKS,KKR,Chinnaswamy,1,15,90,5,137,9.13,36,45,56,0,184
15,CSK,KKR,Kotla,1,16,96,5,106,6.62,54,51,1,0,156
16,KKR,RCB,Sawai Mansingh,1,8,48,4,60,7.5,28,37,0,0,142
17,GT,SRH,Chepauk,1,8,48,1,66,8.25,45,41,3,0,163
18,GT,CSK,Chepauk,1,4,24,0,33,8.25,33,16,12,1,171
19,CSK,PBKS,Dharamsala,1,18,108,5,141,7.83,44,89,3,0,156
20,SRH,CSK,Chinnaswamy,1,18,108,7,148,8.22,59,59,18,0,172
21,GT,Mumbai Indians,Dharamsala,2,11,66,3,92,8.36,35,30,23,0,172
22,RR,GT,Mohali,1,3,18,0,26,8.67,26,5,6,1,206
23,SRH,GT,Brabourne,1,2,12,2,17,8.5,17,5,5,1,199
24,DC,Mumbai Indians,Eden Gardens,1,9,54,2,84,9.33,59,71,3,0,195
25,RCB,LSG,Sawai Mansingh,1,12,72,1,109,9.08,38,51,32,0,189
26,KKR,LSG,Mohali,1,9,54,3,72,8.0,37,19,15,0,166
27,GT,DC,Wankhede,1,10,60,4,77,7.7,46,34,11,0,167
28,LSG,KKR,Uppal,1,15,90,4,105,7.0,41,69,13,0,152
29,DC,LSG,Dharamsala,2,11,66,2,103,9.36,54,32,31,0,193
30,GT,Mumbai Indians,Uppal,1,15,90,7,121,8.07,41,62,29,0,166
31,RCB,CSK,Uppal,1,12,72,4,103,8.58,36,46,2,0,178
32,SRH,PBKS,Dharamsala,1,14,84,3,128,9.14,34,46,54,0,177
33,GT,SRH,Wankhede,1,5,30,1,51,10.2,51,33,10,1,214
34,PBKS,GT,Mohali,2,17,102,3,162,9.53,68,58,32,0,194
35,RR,DC,Eden Gardens,2,4,24,0,37,9.25,37,21,4,1,192
36,PBKS,Mumbai Indians,Ekana,1,2,12,0,18,9.0,18,11,4,1,176
37,LSG,KKR,Mohali,1,15,90,3,130,8.67,54,105,7,0,179
38,LSG,Mumbai Indians,Chinnaswamy,1,6,36,2,66,11.0,52,24,19,1,206
39,PBKS,RR,Chinnaswamy,1,19,114,6,163,8.58,34,83,8,0,168
40,RCB,SRH,Dharamsala,1,8,48,2,77,9.62,54,67,1,0,201
41,RR,CSK,Ekana,1,11,66,4,76,6.91,38,35,27,0,143
42,LSG,CSK,Ekana,2,13,78,2,107,8.23,31,53,15,0,160
43,SRH,RCB,Sawai Mansingh,1,18,108,5,152,8.44,57,82,4,0,176
44,RR,SRH,Kotla,2,14,84,6,109,7.79,38,37,24,0,158
45,RR,GT,Wankhede,1,8,48,2,71,8.88,51,16,31,0,187
46,KKR,RR,Dharamsala,1,17,102,3,170,10.0,62,76,35,0,200
47,KKR,DC,Chinnaswamy,2,7,42,2,73,10.43,70,38,22,0,211
48,Mumbai Indians,GT,Chepauk,1,3,18,2,25,8.33,25,14,7,1,152
49,RR,SRH,Mohali,1,7,42,2,67,9.57,50,18,29,0,187
50,RR,CSK,Kotla,1,15,90,7,112,7.47,40,52,21,0,153
51,PBKS,RR,Ekana,1,5,30,1,45,9.0,38,7,14,1,162
52,SRH,RR,Wankhede,1,11,66,4,110,10.0,65,69,19,0,207
53,KKR,PBKS,Chinnaswamy,1,6,36,1,67,11.17,67,33,14,1,225
54,RR,PBKS,Uppal,1,17,102,5,137,8.06,59,35,28,0,175
55,LSG,Mumbai Indians,Dharamsala,2,3,18,0,34,11.33,34,20,1,1,210
56,DC,PBKS,Eden Gardens,1,5,30,0,53,10.6,49,17,29,1,190
57,DC,CSK,Sawai Mansingh,2,2,12,0,21,10.5,21,5,10,1,181
58,RR,SRH,Brabourne,1,2,12,1,21,10.5,21,3,7,1,205
59,CSK,SRH,Chinnaswamy,1,6,36,0,68,11.33,68,29,9,1,226
60,LSG,GT,Brabourne,2,4,24,0,48,12.0,48,10,22,1,214
61,LSG,SRH,Chepauk,1,17,102,3,118,6.94,41,41,42,0,147
62,DC,SRH,Brabourne,2,14,84,3,134,9.57,50,52,10,0,192
63,CSK,SRH,Chinnaswamy,1,16,96,7,102,6.38,43,49,25,0,146
64,GT,PBKS,Eden Gardens,1,17,102,7,151,8.88,69,56,79,0,174
65,CSK,SRH,Chepauk,1,2,12,1,13,6.5,13,6,2,1,165
66,RCB,CSK,Ekana,2,9,54,1,78,8.67,44,48,10,0,189
67,RCB,CSK,Mohali,2,11,66,3,104,9.45,49,55,2,0,189
68,RR,Mumbai Indians,Dharamsala,1,2,12,3,23,11.5,23,10,0,1,202
69,KKR,DC,Kotla,1,10,60,2,92,9.2,59,41,27,0,189
70,DC,RCB,Chinnaswamy,2,12,72,1,103,8.58,57,40,30,0,195
71,SRH,RR,Brabourne,2,5,30,1,53,10.6,52,31,13,1,219
72,Mumbai Indians,RR,Narendra Modi Stadium,1,13,78,2,123,9.46,59,48,59,0,196
73,LSG,GT,Eden Gardens,2,9,54,0,85,9.44,37,28,11,0,185
74,GT,RCB,Sawai Mansingh,1,19,114,6,112,5.89,31,51,24,0,118
75,DC,KKR,Mohali,1,9,54,4,84,9.33,45,29,23,0,184
76,SRH,CSK,Dharamsala,1,2,12,1,25,12.5,25,9,11,1,210
77,KKR,LSG,Kotla,1,6,36,0,68,11.33,61,25,30,1,214
78,Mumbai Indians,DC,Kotla,1,2,12,0,21,10.5,21,5,9,1,202
79,GT,CSK,Mohali,1,3,18,2,33,11.0,33,12,3,1,199
80,CSK,SRH,Brabourne,2,4,24,0,39,9.75,39,27,1,1,220
81,LSG,GT,Uppal,1,15,90,4,116,7.73,46,49,14,0,170
82,SRH,PBKS,Sawai Mansingh,2,12,72,0,99,8.25,54,20,27,0,171
83,DC,RCB,Narendra Modi Stadium,1,19,114,5,137,7.21,51,39,25,0,146
84,LSG,GT,Kotla,1,17,102,4,137,8.06,53,86,11,0,177
85,LSG,GT,Wankhede,1,10,60,2,81,8.1,35,34,7,0,168
86,Mumbai Indians,CSK,Brabourne,1,14,84,6,123,8.79,52,42,56,0,175
87,LSG,Mumbai Indians,Dharamsala,1,16,96,3,153,9.56,48,72,16,0,196
88,RR,Mumbai Indians,Kotla,1,3,18,0,24,8.0,24,8,4,1,183
89,SRH,PBKS,Chepauk,1,19,114,3,150,7.89,51,26,42,0,163
90,LSG,PBKS,Brabourne,1,11,66,3,84,7.64,47,43,18,0,168
91,KKR,PBKS,Ekana,1,4,24,0,30,7.5,30,7,13,1,162
92,DC,LSG,Brabourne,2,6,36,2,58,9.67,58,19,24,1,213
93,SRH,LSG,Dharamsala,2,12,72,3,120,10.0,46,51,6,0,192
94,Mumbai Indians,LSG,Eden Gardens,2,4,24,1,48,12.0,48,27,2,1,224
95,Mumbai Indians,SRH,Ekana,1,12,72,0,99,8.25,52,34,54,0,173
96,KKR,SRH,Mohali,1,7,42,2,60,8.57,52,16,29,0,198
97,CSK,DC,Chinnaswamy,1,14,84,3,124,8.86,42,38,50,0,182
98,PBKS,RCB,Ekana,1,4,24,0,34,8.5,34,25,2,1,155
99,GT,DC,Wankhede,1,7,42,1,75,10.71,45,39,4,0,188
100,GT,Mumbai Indians,Dharamsala,1,6,36,3,58,9.67,56,42,0,1,183
101,PBKS,DC,Dharamsala,1,16,96,5,138,8.62,73,63,55,0,188
102,SRH,LSG,Uppal,2,18,108,3,195,10.83,51,95,49,0,213
103,GT,CSK,Uppal,1,7,42,3,62,8.86,39,24,16,0,181
104,PBKS,GT,Eden Gardens,1,4,24,0,45,11.25,45,32,5,1,207
105,Mumbai Indians,RR,Mohali,1,6,36,0,61,10.17,45,29,2,1,199
106,RR,KKR,Uppal,1,9,54,3,77,8.56,35,60,6,0,173
107,LSG,KKR,Brabourne,1,15,90,4,120,8.0,43,57,16,0,176
108,GT,LSG,Wankhede,1,17,102,6,122,7.18,49,34,24,0,155
109,LSG,DC,Chepauk,1,19,114,4,126,6.63,37,50,14,0,131
110,KKR,Mumbai Indians,Eden Gardens,2,18,108,3,180,10.0,63,56,94,0,204
111,CSK,DC,Sawai Mansingh,2,16,96,6,116,7.25,52,35,55,0,158
112,RCB,GT,Uppal,1,4,24,0,42,10.5,42,15,17,1,225
113,Mumbai Indians,DC,Ekana,2,10,60,4,80,8.0,48,13,28,0,154
114,SRH,Mumbai Indians,Chepauk,1,13,78,4,84,6.46,27,41,13,0,136
115,LSG,RCB,Narendra Modi Stadium,1,12,72,3,95,7.92,39,38,28,0,163
116,KKR,RR,Brabourne,2,17,102,6,141,8.29,67,78,36,0,178
117,GT,LSG,Uppal,2,7,42,0,69,9.86,43,26,9,0,190
118,DC,SRH,Narendra Modi Stadium,1,4,24,0,35,8.75,35,20,3,1,197
119,CSK,RCB,Eden Gardens,1,16,96,4,130,8.12,59,54,12,0,171
120,CSK,GT,Chepauk,1,7,42,2,51,7.29,48,41,2,0,156
121,GT,RR,Chepauk,1,19,114,4,116,6.11,47,59,10,0,131
122,CSK,Mumbai Indians,Dharamsala,2,10,60,1,103,10.3,54,43,32,0,209
123,KKR,PBKS,Uppal,1,3,18,0,25,8.33,25,11,9,1,208
124,PBKS,RCB,Eden Gardens,1,5,30,1,45,9.0,40,16,6,1,197
125,PBKS,KKR,Chepauk,2,12,72,4,72,6.0,24,29,16,0,128
126,DC,Mumbai Indians,Wankhede,1,17,102,5,136,8.0,38,52,31,0,162
127,LSG,GT,Kotla,1,11,66,0,88,8.0,46,17,27,0,185
128,DC,GT,Eden Gardens,2,8,48,2,69,8.62,51,51,5,0,193
129,GT,RCB,Eden Gardens,2,12,72,3,117,9.75,52,48,41,0,180
130,DC,CSK,Sawai Mansingh,1,2,12,0,20,10.0,20,14,3,1,189
131,LSG,SRH,Chepauk,1,14,84,3,83,5.93,23,25,24,0,121
132,GT,SRH,Brabourne,2,6,36,0,64,10.67,52,47,9,1,223
133,DC,RR,Ekana,1,9,54,1,64,7.11,42,47,1,0,153
134,RR,LSG,Chinnaswamy,1,19,114,9,133,7.0,59,43,34,0,138
135,SRH,RR,Brabourne,1,8,48,2,84,10.5,63,18,28,0,222
136,KKR,Mumbai Indians,Chinnaswamy,1,17,102,7,120,7.06,53,55,20,0,147
137,RR,DC,Uppal,1,4,24,1,37,9.25,37,23,8,1,197
138,Mumbai Indians,PBKS,Mohali,1,11,66,5,102,9.27,38,48,43,0,168
139,GT,SRH,Chepauk,2,16,96,4,129,8.06,37,68,7,0,159
140,PBKS,LSG,Narendra Modi Stadium,1,14,84,5,113,8.07,38,37,26,0,156
141,RR,DC,Uppal,1,2,12,0,19,9.5,19,8,1,1,206
142,RR,CSK,Dharamsala,2,11,66,3,94,8.55,44,51,33,0,181
143,SRH,GT,Dharamsala,2,9,54,3,90,10.0,65,41,4,0,213
144,LSG,GT,Chepauk,1,18,108,4,130,7.22,52,31,53,0,150
145,SRH,Mumbai Indians,Narendra Modi Stadium,1,11,66,1,104,9.45,37,24,38,0,179
146,CSK,SRH,Wankhede,1,7,42,4,69,9.86,56,42,2,0,190
147,PBKS,LSG,Chinnaswamy,1,19,114,6,139,7.32,46,40,74,0,150
148,GT,PBKS,Narendra Modi Stadium,1,9,54,2,65,7.22,47,23,27,0,160
149,LSG,Mumbai Indians,Kotla,1,5,30,0,46,9.2,36,26,3,1,176
150,Mumbai Indians,RCB,Narendra Modi Stadium,2,9,54,3,83,9.22,53,35,14,0,195
151,GT,KKR,Sawai Mansingh,1,3,18,0,29,9.67,29,6,14,1,203
152,PBKS,GT,Eden Gardens,1,15,90,3,129,8.6,44,73,34,0,182
153,SRH,Mumbai Indians,Narendra Modi Stadium,1,15,90,5,131,8.73,57,47,61,0,186
154,Mumbai Indians,RR,Sawai Mansingh,1,3,18,1,33,11.0,33,25,0,1,177
155,DC,RR,Wankhede,1,8,48,6,71,8.88,49,19,19,0,169
156,PBKS,SRH,Narendra Modi Stadium,1,11,66,6,73,6.64,27,51,14,0,133
157,KKR,DC,Eden Gardens,1,9,54,4,84,9.33,43,22,23,0,177
158,SRH,GT,Dharamsala,2,12,72,3,124,10.33,54,43,22,0,203
159,SRH,RCB,Narendra Modi Stadium,2,3,18,3,26,8.67,26,7,6,1,154
160,KKR,GT,Mohali,1,17,102,6,159,9.35,47,109,14,0,182
161,PBKS,RCB,Chinnaswamy,2,18,108,3,151,8.39,49,63,43,0,178
162,CSK,Mumbai Indians,Chinnaswamy,1,14,84,3,133,9.5,41,56,33,0,188
163,CSK,GT,Wankhede,1,17,102,7,138,8.12,50,40,74,0,169
164,PBKS,CSK,Uppal,1,9,54,1,86,9.56,51,25,28,0,207
165,CSK,GT,Brabourne,2,3,18,2,32,10.67,32,19,9,1,187
166,SRH,LSG,Kotla,1,14,84,4,117,8.36,33,79,6,0,157
167,RR,RCB,Sawai Mansingh,1,6,36,0,54,9.0,43,14,16,1,165
168,GT,LSG,Narendra Modi Stadium,1,2,12,1,18,9.0,18,10,4,1,168
169,CSK,GT,Kotla,1,7,42,2,63,9.0,38,21,15,0,171
170,RR,KKR,Brabourne,1,8,48,3,71,8.88,44,43,15,0,188
171,DC,PBKS,Dharamsala,2,6,36,0,58,9.67,46,35,10,1,194
172,KKR,DC,Sawai Mansingh,1,14,84,2,104,7.43,50,53,2,0,158
173,KKR,SRH,Uppal,2,4,24,0,42,10.5,42,23,8,1,219
174,LSG,SRH,Ekana,1,18,108,6,126,7.0,42,42,54,0,138
175,DC,RCB,Dharamsala,1,14,84,2,132,9.43,42,62,41,0,182
176,LSG,GT,Chepauk,1,2,12,2,21,10.5,21,5,5,1,158
177,KKR,GT,Mohali,1,5,30,0,54,10.8,44,34,10,1,195
178,KKR,GT,Chepauk,1,12,72,2,96,8.0,40,44,7,0,165
179,KKR,SRH,Ekana,1,2,12,1,15,7.5,15,6,1,1,154
180,SRH,CSK,Uppal,1,17,102,7,141,8.29,57,82,3,0,166
181,RR,CSK,Dharamsala,1,5,30,2,50,10.0,50,24,11,1,194
182,RCB,GT,Chepauk,1,6,36,2,54,9.0,54,46,1,1,181
183,GT,LSG,Dharamsala,1,17,102,6,140,8.24,55,60,20,0,173
184,LSG,SRH,Narendra Modi Stadium,1,5,30,0,49,9.8,49,36,2,1,197
185,PBKS,CSK,Brabourne,2,9,54,1,98,10.89,73,41,37,0,228
186,DC,PBKS,Chepauk,1,8,48,3,61,7.62,41,19,24,0,147
187,RR,LSG,Narendra Modi Stadium,2,5,30,0,52,10.4,52,12,14,1,209
188,PBKS,SRH,Chepauk,1,10,60,3,73,7.3,45,44,14,0,152
189,DC,SRH,Mohali,1,2,12,1,22,11.0,22,6,10,1,196
190,PBKS,KKR,Mohali,1,11,66,2,94,8.55,45,21,35,0,174
191,SRH,Mumbai Indians,Chinnaswamy,2,7,42,3,58,8.29,47,18,12,0,185
192,CSK,DC,Dharamsala,2,7,42,2,67,9.57,48,13,19,0,176
193,RCB,KKR,Narendra Modi Stadium,1,2,12,0,20,10.0,20,7,6,1,206
194,CSK,LSG,Eden Gardens,1,11,66,3,90,8.18,34,35,45,0,163
195,LSG,RCB,Mohali,1,8,48,3,69,8.62,35,14,20,0,159
196,PBKS,DC,Chepauk,1,4,24,2,34,8.5,34,17,2,1,149
197,RR,KKR,Narendra Modi Stadium,1,8,48,2,79,9.88,52,28,11,0,187
198,Mumbai Indians,DC,Eden Gardens,1,15,90,5,123,8.2,54,34,63,0,169
199,KKR,Mumbai Indians,Wankhede,2,14,84,2,136,9.71,52,67,31,0,189
200,KKR,RCB,Narendra Modi Stadium,1,4,24,0,40,10.0,40,14,8,1,179
201,SRH,Mumbai Indians,Uppal,1,7,42,1,63,9.0,48,32,18,0,187
202,RR,CSK,Wankhede,1,15,90,2,143,9.53,52,52,17,0,198
203,LSG,RCB,Eden Gardens,1,5,30,0,47,9.4,47,7,14,1,191
204,RCB,LSG,Wankhede,1,15,90,4,140,9.33,44,111,4,0,192
205,Mumbai Indians,RCB,Kotla,2,3,18,0,26,8.67,26,6,12,1,194
206,RR,KKR,Mohali,1,17,102,5,162,9.53,68,53,30,0,193
207,Mumbai Indians,DC,Wankhede,2,14,84,5,135,9.64,38,75,46,0,185
208,GT,PBKS,Brabourne,2,16,96,6,123,7.69,49,55,31,0,159
209,RR,LSG,Eden Gardens,2,14,84,3,138,9.86,60,51,47,0,196
210,DC,PBKS,Chinnaswamy,1,8,48,3,73,9.12,37,38,21,0,182
211,Mumbai Indians,KKR,Eden Gardens,1,9,54,2,99,11.0,47,82,4,0,204
212,KKR,CSK,Mohali,1,6,36,1,60,10.0,44,22,10,1,194
213,CSK,RR,Chinnaswamy,1,4,24,0,45,11.25,45,15,21,1,216
214,RCB,PBKS,Brabourne,1,2,12,0,20,10.0,20,9,8,1,217
215,Mumbai Indians,KKR,Dharamsala,1,15,90,4,154,10.27,58,72,52,0,214
216,Mumbai Indians,PBKS,Brabourne,1,19,114,6,179,9.42,50,65,17,0,194
217,RR,Mumbai Indians,Mohali,1,9,54,4,90,10.0,65,21,21,0,200
218,PBKS,DC,Chepauk,1,12,72,4,93,7.75,30,59,12,0,146
219,KKR,SRH,Narendra Modi Stadium,1,17,102,7,118,6.94,43,74,21,0,150
220,DC,Mumbai Indians,Wankhede,1,6,36,1,67,11.17,67,34,7,1,209
221,RR,DC,Chepauk,2,15,90,4,129,8.6,56,62,41,0,182
222,PBKS,RR,Brabourne,1,6,36,0,62,10.33,56,19,32,1,211
223,LSG,KKR,Dharamsala,1,17,102,5,117,6.88,45,69,20,0,147
224,Mumbai Indians,RR,Kotla,1,4,24,0,41,10.25,41,13,6,1,220
225,PBKS,SRH,Sawai Mansingh,1,14,84,0,99,7.07,30,17,30,0,147
226,CSK,LSG,Eden Gardens,1,14,84,4,117,8.36,56,62,8,0,181
227,PBKS,RCB,Ekana,2,7,42,3,48,6.86,37,20,15,0,128
228,LSG,GT,Mohali,1,13,78,3,100,7.69,43,28,38,0,155
229,RR,CSK,Mohali,2,11,66,4,96,8.73,42,30,29,0,172
230,SRH,RR,Kotla,2,3,18,0,33,11.0,33,21,5,1,225
231,GT,Mumbai Indians,Sawai Mansingh,2,15,90,6,121,8.07,40,37,63,0,166
232,LSG,RCB,Chinnaswamy,2,16,96,4,157,9.81,50,101,39,0,199
233,RCB,RR,Eden Gardens,2,4,24,0,47,11.75,47,18,3,1,229
234,PBKS,CSK,Sawai Mansingh,1,5,30,0,47,9.4,43,21,11,1,189
235,SRH,LSG,Wankhede,1,14,84,2,128,9.14,43,70,1,0,185
236,DC,Mumbai Indians,Eden Gardens,2,11,66,1,109,9.91,66,39,21,0,214
237,DC,RR,Brabourne,1,4,24,1,41,10.25,41,12,22,1,200
238,RR,GT,Sawai Mansingh,1,18,108,8,153,8.5,69,57,29,0,168
239,KKR,RR,Eden Gardens,2,18,108,5,181,10.06,77,86,40,0,209
240,CSK,RR,Wankhede,1,7,42,1,71,10.14,45,19,20,0,195
241,Mumbai Indians,LSG,Mohali,2,7,42,2,62,8.86,50,25,14,0,201
242,KKR,SRH,Uppal,1,14,84,6,128,9.14,61,71,34,0,173
243,CSK,DC,Uppal,1,10,60,2,79,7.9,48,60,7,0,173
244,RCB,Mumbai Indians,Dharamsala,1,11,66,0,100,9.09,35,61,15,0,197
245,KKR,GT,Dharamsala,2,13,78,5,128,9.85,41,59,13,0,184
246,DC,CSK,Kotla,1,11,66,0,92,8.36,46,27,33,0,189
247,LSG,CSK,Mohali,2,18,108,4,152,8.44,63,103,32,0,179
248,RCB,CSK,Mohali,1,7,42,2,64,9.14,40,27,24,0,192
249,CSK,RCB,Ekana,1,15,90,6,95,6.33,31,24,19,0,132
250,Mumbai Indians,LSG,Dharamsala,2,9,54,2,85,9.44,52,40,4,0,200
251,SRH,GT,Ekana,1,15,90,6,113,7.53,32,84,15,0,143
252,RCB,KKR,Brabourne,1,18,108,5,159,8.83,52,63,26,0,183
253,Mumbai Indians,CSK,Dharamsala,2,3,18,0,30,10.0,30,7,15,1,223
254,GT,RR,Ekana,1,6,36,2,50,8.33,47,12,16,1,166
255,RR,GT,Kotla,1,15,90,6,123,8.2,39,23,32,0,173
256,SRH,RCB,Chinnaswamy,2,4,24,1,39,9.75,39,20,14,1,202
257,RCB,Mumbai Indians,Uppal,1,12,72,5,93,7.75,32,43,25,0,155
258,LSG,RR,Brabourne,1,12,72,5,98,8.17,37,50,11,0,168
259,RCB,CSK,Chepauk,1,3,18,1,31,10.33,31,14,7,1,176
260,DC,Mumbai Indians,Dharamsala,2,6,36,0,60,10.0,39,14,30,1,200
261,LSG,KKR,Dharamsala,2,18,108,7,159,8.83,59,114,17,0,181
262,Mumbai Indians,RCB,Narendra Modi Stadium,2,17,102,6,112,6.59,45,61,0,0,144
263,CSK,SRH,Mohali,2,16,96,3,133,8.31,42,82,10,0,172
264,LSG,RR,Narendra Modi Stadium,1,16,96,8,129,8.06,44,69,21,0,162
265,DC,SRH,Chinnaswamy,1,9,54,1,75,8.33,41,17,20,0,192
266,PBKS,CSK,Uppal,1,8,48,4,57,7.12,44,20,10,0,159
267,LSG,CSK,Mohali,1,18,108,4,145,8.06,59,54,44,0,164
268,RCB,CSK,Sawai Mansingh,1,12,72,3,106,8.83,57,45,39,0,179
269,RR,SRH,Chepauk,1,18,108,4,126,7.0,43,48,44,0,151
270,RCB,LSG,Narendra Modi Stadium,1,12,72,0,116,9.67,53,86,15,0,211
271,GT,RR,Sawai Mansingh,2,18,108,6,127,7.06,58,24,41,0,144
272,GT,Mumbai Indians,Eden Gardens,2,5,30,1,51,10.2,51,26,5,1,213
273,RR,Mumbai Indians,Sawai Mansingh,1,12,72,5,107,8.92,56,37,32,0,177
274,DC,GT,Brabourne,1,8,48,3,72,9.0,39,28,10,0,166
275,RR,GT,Uppal,1,10,60,0,85,8.5,47,62,5,0,201
276,SRH,GT,Eden Gardens,1,12,72,4,108,9.0,55,52,4,0,182
277,KKR,LSG,Dharamsala,1,13,78,5,106,8.15,49,33,45,0,169
278,LSG,KKR,Wankhede,1,12,72,2,103,8.58,39,27,52,0,187
279,DC,GT,Narendra Modi Stadium,1,3,18,0,24,8.0,24,19,2,1,183
280,CSK,KKR,Dharamsala,1,8,48,1,79,9.88,53,47,13,0,214
281,RCB,Mumbai Indians,Mohali,1,3,18,3,29,9.67,29,9,7,1,182
282,PBKS,LSG,Eden Gardens,1,5,30,1,52,10.4,52,34,3,1,209
283,GT,CSK,Uppal,2,11,66,4,84,7.64,32,40,6,0,167
284,RR,RCB,Uppal,1,13,78,2,131,10.08,42,56,5,0,192
285,CSK,RR,Kotla,2,13,78,4,124,9.54,43,62,0,0,187
286,GT,SRH,Dharamsala,1,11,66,2,102,9.27,51,51,38,0,187
287,CSK,RR,Ekana,1,8,48,0,59,7.38,40,22,14,0,173
288,DC,KKR,Kotla,1,15,90,5,112,7.47,35,52,22,0,151
289,GT,CSK,Chepauk,1,4,24,1,36,9.0,36,12,18,1,183
290,GT,Mumbai Indians,Ekana,1,8,48,2,68,8.5,57,39,6,0,165
291,LSG,RR,Chepauk,1,18,108,5,115,6.39,53,38,52,0,130
292,LSG,RCB,Brabourne,2,13,78,3,116,8.92,40,62,25,0,176
293,SRH,LSG,Wankhede,1,12,72,5,100,8.33,46,47,23,0,171
294,CSK,GT,Uppal,1,9,54,2,88,9.78,51,57,1,0,192
295,SRH,RCB,Kotla,1,10,60,3,72,7.2,32,26,32,0,154
296,KKR,RCB,Dharamsala,2,2,12,1,16,8.0,16,5,5,1,175
297,RCB,GT,Sawai Mansingh,1,2,12,0,19,9.5,19,11,2,1,206
298,PBKS,RCB,Ekana,2,7,42,0,54,7.71,50,14,24,0,168
299,CSK,Mumbai Indians,Kotla,1,18,108,6,158,8.78,66,51,57,0,179
300,LSG,GT,Wankhede,2,15,90,3,139,9.27,41,85,27,0,194
301,LSG,CSK,Sawai Mansingh,1,17,102,6,131,7.71,35,34,68,0,150
302,Mumbai Indians,PBKS,Dharamsala,1,12,72,3,105,8.75,48,53,6,0,177
303,RR,PBKS,Kotla,1,19,114,4,154,8.11,52,55,65,0,165
304,RCB,CSK,Kotla,1,12,72,4,116,9.67,38,64,8,0,171
305,RCB,SRH,Ekana,1,4,24,0,38,9.5,38,23,0,1,184
306,Mumbai Indians,RCB,Dharamsala,1,2,12,2,22,11.0,22,4,8,1,199
307,KKR,RCB,Dharamsala,1,9,54,3,82,9.11,52,29,22,0,188
308,CSK,LSG,Narendra Modi Stadium,1,19,114,5,178,9.37,56,82,13,0,186
309,PBKS,GT,Chinnaswamy,1,18,108,8,132,7.33,55,81,19,0,155
310,DC,SRH,Dharamsala,1,2,12,0,19,9.5,19,8,7,1,204
311,DC,PBKS,Eden Gardens,1,2,12,0,22,11.0,22,12,1,1,210
312,DC,KKR,Ekana,1,8,48,3,59,7.38,47,16,16,0,164
313,DC,RCB,Chinnaswamy,1,4,24,0,42,10.5,42,13,6,1,201
314,LSG,RR,Mohali,1,18,108,4,145,8.06,46,36,60,0,164
315,RCB,SRH,Chinnaswamy,1,16,96,7,138,8.62,58,40,33,0,178
316,LSG,DC,Eden Gardens,1,15,90,5,105,7.0,44,31,29,0,159
317,KKR,CSK,Brabourne,1,9,54,3,90,10.0,52,26,14,0,206
318,GT,LSG,Brabourne,1,17,102,4,145,8.53,55,39,30,0,181
319,SRH,DC,Uppal,1,19,114,6,158,8.32,59,105,7,0,172
320,DC,LSG,Dharamsala,1,16,96,4,154,9.62,57,77,3,0,198
321,LSG,PBKS,Chinnaswamy,1,12,72,2,104,8.67,40,45,22,0,182
322,SRH,PBKS,Chepauk,1,2,12,1,14,7.0,14,4,6,1,155
323,CSK,LSG,Mohali,1,2,12,0,22,11.0,22,9,1,1,197
324,RR,SRH,Dharamsala,1,18,108,5,182,10.11,71,109,11,0,207
325,RCB,GT,Chepauk,1,16,96,4,135,8.44,46,82,11,0,168
326,PBKS,RR,Chepauk,1,2,12,0,15,7.5,15,6,2,1,165
327,SRH,RR,Wankhede,2,11,66,2,119,10.82,49,71,20,0,207
328,RR,CSK,Sawai Mansingh,1,18,108,5,147,8.17,53,72,43,0,171
329,RCB,LSG,Uppal,1,16,96,5,149,9.31,48,32,47,0,183
330,SRH,Mumbai Indians,Kotla,1,2,12,2,19,9.5,19,10,5,1,190
331,DC,CSK,Chepauk,1,14,84,2,95,6.79,42,30,17,0,152
332,KKR,Mumbai Indians,Kotla,1,5,30,1,49,9.8,49,19,9,1,188
333,GT,LSG,Chinnaswamy,1,11,66,5,89,8.09,46,27,26,0,174
334,PBKS,KKR,Wankhede,2,17,102,3,144,8.47,58,76,10,0,176
335,RCB,GT,Chinnaswamy,1,9,54,0,96,10.67,63,26,18,0,233
336,Mumbai Indians,SRH,Brabourne,1,11,66,2,110,10.0,54,50,15,0,206
337,GT,RCB,Chinnaswamy,1,16,96,5,137,8.56,45,43,19,0,174
338,CSK,GT,Sawai Mansingh,1,17,102,6,141,8.29,47,65,4,0,169
339,RCB,LSG,Wankhede,1,17,102,7,137,8.06,56,35,29,0,162
340,KKR,SRH,Chinnaswamy,1,3,18,1,36,12.0,36,10,19,1,228
341,Mumbai Indians,CSK,Uppal,1,8,48,4,78,9.75,52,34,9,0,195
342,GT,PBKS,Brabourne,1,13,78,4,112,8.62,35,65,25,0,164
343,RCB,GT,Ekana,1,13,78,0,119,9.15,52,73,24,0,191
344,KKR,PBKS,Narendra Modi Stadium,2,10,60,1,79,7.9,30,15,30,0,171
345,RR,Mumbai Indians,Uppal,2,8,48,3,65,8.12,44,27,29,0,172
346,RCB,LSG,Uppal,1,9,54,0,77,8.56,42,26,40,0,206
347,RCB,SRH,Brabourne,1,5,30,0,53,10.6,42,25,17,1,221
348,CSK,KKR,Brabourne,1,2,12,2,18,9.0,18,9,3,1,193
349,GT,KKR,Chepauk,1,14,84,3,120,8.57,52,41,20,0,167
350,Mumbai Indians,GT,Sawai Mansingh,1,14,84,1,116,8.29,34,58,23,0,169
351,GT,LSG,Kotla,1,10,60,1,95,9.5,48,39,18,0,189
352,RR,RCB,Eden Gardens,1,16,96,8,127,7.94,48,27,39,0,151
353,LSG,RCB,Uppal,1,5,30,0,42,8.4,42,28,5,1,188
354,RCB,Mumbai Indians,Sawai Mansingh,1,18,108,5,123,6.83,51,19,39,0,144
355,DC,CSK,Wankhede,1,14,84,0,119,8.5,54,38,44,0,192
356,GT,Mumbai Indians,Wankhede,1,18,108,8,130,7.22,39,45,34,0,152
357,GT,RR,Wankhede,1,14,84,3,138,9.86,41,56,61,0,185
358,LSG,KKR,Sawai Mansingh,1,6,36,0,53,8.83,45,12,14,1,185
359,KKR,RCB,Uppal,1,18,108,2,183,10.17,59,63,24,0,203
360,DC,RCB,Brabourne,1,12,72,4,109,9.08,46,66,28,0,167
361,RCB,LSG,Wankhede,2,10,60,2,101,10.1,62,47,4,0,217
362,PBKS,SRH,Mohali,1,8,48,2,69,8.62,56,34,26,0,200
363,KKR,CSK,Chepauk,2,16,96,4,131,8.19,45,47,34,0,174
364,LSG,GT,Narendra Modi Stadium,1,3,18,2,32,10.67,32,8,7,1,181
365,Mumbai Indians,GT,Sawai Mansingh,1,3,18,0,25,8.33,25,8,5,1,188
366,GT,RCB,Mohali,2,16,96,6,122,7.62,58,45,31,0,155
367,LSG,KKR,Mohali,1,12,72,5,94,7.83,32,43,18,0,150
368,GT,RCB,Sawai Mansingh,1,3,18,0,28,9.33,28,8,12,1,159
369,Mumbai Indians,PBKS,Uppal,1,16,96,6,106,6.62,40,54,17,0,136
370,SRH,KKR,Kotla,1,17,102,8,129,7.59,44,64,10,0,158
371,Mumbai Indians,RCB,Chepauk,1,13,78,4,71,5.46,36,24,9,0,125
372,RR,GT,Chepauk,2,13,78,1,96,7.38,36,42,4,0,159
373,SRH,RCB,Chinnaswamy,1,10,60,2,89,8.9,49,59,20,0,201
374,LSG,RR,Sawai Mansingh,1,12,72,3,86,7.17,47,51,11,0,157
375,SRH,RCB,Ekana,1,11,66,3,88,8.0,50,49,22,0,157
376,GT,KKR,Wankhede,1,11,66,3,92,8.36,45,31,42,0,177
377,LSG,Mumbai Indians,Chepauk,1,12,72,1,99,8.25,35,55,10,0,166
378,PBKS,Mumbai Indians,Narendra Modi Stadium,1,12,72,3,102,8.5,40,79,8,0,172
379,RR,Mumbai Indians,Eden Gardens,2,19,114,4,178,9.37,62,53,29,0,195
380,DC,SRH,Uppal,1,11,66,4,77,7.0,30,28,9,0,141
381,GT,RCB,Kotla,1,17,102,3,153,9.0,75,54,61,0,181
382,PBKS,GT,Chinnaswamy,1,3,18,0,31,10.33,31,6,14,1,218
383,RR,Mumbai Indians,Ekana,2,8,48,2,52,6.5,27,9,20,0,152
384,CSK,KKR,Narendra Modi Stadium,1,12,72,4,89,7.42,41,34,12,0,155
385,SRH,Mumbai Indians,Chepauk,1,3,18,2,26,8.67,26,17,1,1,173
386,RR,DC,Kotla,1,19,114,6,116,6.11,35,90,4,0,123
387,SRH,LSG,Kotla,2,6,36,2,66,11.0,66,47,8,1,209
388,CSK,DC,Mohali,1,7,42,1,57,8.14,43,34,2,0,185
389,CSK,RR,Narendra Modi Stadium,1,15,90,5,107,7.13,31,54,27,0,151
390,DC,GT,Brabourne,1,4,24,1,47,11.75,47,21,2,1,202
391,SRH,RCB,Uppal,2,4,24,0,44,11.0,44,10,11,1,225
392,Mumbai Indians,RCB,Dharamsala,1,19,114,4,154,8.11,51,80,10,0,164
393,PBKS,DC,Chinnaswamy,1,18,108,6,152,8.44,46,86,38,0,168
394,Mumbai Indians,KKR,Sawai Mansingh,1,14,84,4,110,7.86,40,30,29,0,153
395,PBKS,DC,Sawai Mansingh,1,6,36,1,48,8.0,40,16,26,1,162
396,SRH,PBKS,Ekana,1,18,108,5,114,6.33,34,48,3,0,128
397,GT,RR,Sawai Mansingh,2,13,78,2,91,7.0,28,56,14,0,157
398,RR,SRH,Narendra Modi Stadium,1,4,24,1,38,9.5,38,26,2,1,193
399,Mumbai Indians,DC,Narendra Modi Stadium,2,17,102,4,165,9.71,49,117,8,0,198
400,LSG,RR,Wankhede,1,7,42,1,65,9.29,55,25,5,0,196
401,RR,LSG,Chepauk,1,10,60,3,86,8.6,36,29,26,0,158
402,SRH,RCB,Narendra Modi Stadium,2,12,72,3,120,10.0,63,83,11,0,198
403,SRH,RCB,Kotla,1,13,78,3,95,7.31,38,55,8,0,155
404,PBKS,SRH,Uppal,1,15,90,7,86,5.73,33,68,7,0,125
405,GT,DC,Sawai Mansingh,1,10,60,2,72,7.2,44,55,1,0,162
406,RCB,DC,Narendra Modi Stadium,1,2,12,1,18,9.0,18,5,3,1,188
407,RR,KKR,Wankhede,1,4,24,0,40,10.0,40,7,13,1,204
408,PBKS,RCB,Chinnaswamy,1,10,60,1,84,8.4,43,74,1,0,191
409,DC,RR,Chepauk,2,10,60,2,74,7.4,38,28,21,0,155
410,SRH,CSK,Chepauk,1,15,90,5,105,7.0,41,21,31,0,149
411,SRH,Mumbai Indians,Mohali,1,2,12,0,26,13.0,26,14,4,1,225
412,SRH,PBKS,Sawai Mansingh,2,4,24,0,36,9.0,36,19,5,1,179
413,Mumbai Indians,CSK,Eden Gardens,1,12,72,1,101,8.42,33,32,30,0,177
414,CSK,DC,Mohali,1,16,96,5,139,8.69,63,35,58,0,184
415,SRH,GT,Mohali,2,2,12,0,22,11.0,22,12,4,1,232
416,GT,RCB,Brabourne,1,4,24,0,37,9.25,37,9,15,1,195
417,Mumbai Indians,RCB,Dharamsala,1,11,66,4,96,8.73,54,30,18,0,169
418,DC,PBKS,Eden Gardens,1,19,114,7,113,5.95,44,29,38,0,126
419,RCB,DC,Narendra Modi Stadium,1,9,54,3,86,9.56,58,28,11,0,175
420,CSK,RR,Sawai Mansingh,1,17,102,5,142,8.35,52,119,4,0,172
421,SRH,CSK,Dharamsala,2,11,66,3,89,8.09,39,57,13,0,176
422,KKR,RR,Wankhede,1,6,36,1,66,11.0,47,18,31,1,194
423,KKR,PBKS,Uppal,1,16,96,5,119,7.44,41,89,12,0,155
424,KKR,DC,Kotla,2,12,72,0,92,7.67,49,32,12,0,183
425,RCB,KKR,Ekana,1,14,84,2,106,7.57,36,19,30,0,149
426,SRH,LSG,Sawai Mansingh,1,12,72,3,87,7.25,44,35,41,0,160
427,KKR,CSK,Sawai Mansingh,2,17,102,4,136,8.0,55,43,44,0,172
428,RCB,Mumbai Indians,Sawai Mansingh,2,3,18,1,31,10.33,31,18,1,1,210
429,SRH,LSG,Kotla,1,2,12,0,19,9.5,19,5,12,1,203
430,SRH,Mumbai Indians,Mohali,1,6,36,1,68,11.33,55,34,10,1,197
431,PBKS,DC,Narendra Modi Stadium,1,15,90,4,124,8.27,48,51,39,0,167
432,DC,Mumbai Indians,Chinnaswamy,1,16,96,3,153,9.56,53,65,52,0,194
433,GT,CSK,Dharamsala,1,8,48,2,80,10.0,50,23,14,0,194
434,GT,CSK,Mohali,1,19,114,4,182,9.58,70,62,100,0,199
435,CSK,LSG,Sawai Mansingh,2,11,66,3,78,7.09,31,23,45,0,155
436,GT,RCB,Mohali,1,16,96,5,136,8.5,48,103,9,0,172
437,DC,LSG,Mohali,1,18,108,4,171,9.5,46,74,40,0,185
438,DC,RR,Mohali,2,7,42,2,62,8.86,52,24,22,0,179
439,DC,RCB,Mohali,1,7,42,1,49,7.0,36,31,12,0,166
440,PBKS,SRH,Chepauk,2,12,72,1,105,8.75,50,38,23,0,185
441,LSG,RCB,Ekana,2,16,96,4,85,5.31,28,37,9,0,108
442,KKR,GT,Kotla,2,10,60,3,78,7.8,52,48,21,0,170
443,LSG,GT,Wankhede,2,13,78,2,128,9.85,46,62,21,0,194
444,SRH,PBKS,Mohali,1,15,90,5,136,9.07,50,42,27,0,188
445,DC,CSK,Ekana,2,4,24,0,35,8.75,35,16,14,1,158
446,GT,SRH,Wankhede,2,11,66,4,93,8.45,32,21,20,0,167
447,SRH,CSK,Dharamsala,1,11,66,1,103,9.36,43,34,58,0,198
448,SRH,PBKS,Uppal,1,17,102,5,157,9.24,55,66,22,0,183
449,RCB,DC,Chepauk,1,13,78,4,94,7.23,47,61,3,0,143
450,RCB,GT,Eden Gardens,2,11,66,2,116,10.55,51,27,32,0,207
451,SRH,PBKS,Eden Gardens,2,7,42,2,59,8.43,53,30,10,0,198
452,CSK,PBKS,Mohali,2,5,30,1,52,10.4,50,42,0,1,207
453,DC,RCB,Brabourne,1,5,30,1,43,8.6,36,17,3,1,179
454,Mumbai Indians,SRH,Sawai Mansingh,1,5,30,0,43,8.6,43,13,23,1,176
455,CSK,LSG,Ekana,1,8,48,2,59,7.38,49,16,19,0,175
456,LSG,KKR,Narendra Modi Stadium,1,5,30,1,50,10.0,50,19,25,1,197
457,CSK,KKR,Narendra Modi Stadium,2,17,102,2,154,9.06,49,35,50,0,186
458,SRH,CSK,Narendra Modi Stadium,1,13,78,4,113,8.69,41,36,20,0,175
459,SRH,KKR,Narendra Modi Stadium,1,15,90,7,105,7.0,30,93,1,0,143
460,GT,CSK,Chinnaswamy,1,14,84,4,136,9.71,62,46,25,0,199
461,LSG,PBKS,Chinnaswamy,1,15,90,4,139,9.27,57,85,17,0,194
462,PBKS,SRH,Narendra Modi Stadium,1,16,96,7,105,6.56,39,20,31,0,139
463,Mumbai Indians,RCB,Sawai Mansingh,1,12,72,2,86,7.17,43,35,34,0,153
464,GT,RR,Narendra Modi Stadium,1,19,114,5,140,7.37,52,49,38,0,151
465,Mumbai Indians,LSG,Chepauk,1,11,66,3,95,8.64,52,53,14,0,176
466,LSG,SRH,Mohali,1,7,42,3,59,8.43,56,25,17,0,184
467,Mumbai Indians,LSG,Ekana,1,13,78,3,90,6.92,28,40,14,0,135
468,KKR,LSG,Kotla,1,4,24,0,41,10.25,41,8,16,1,200
469,PBKS,GT,Sawai Mansingh,1,17,102,6,130,7.65,49,75,22,0,160
470,DC,RCB,Ekana,1,15,90,4,90,6.0,24,37,37,0,118
471,LSG,PBKS,Kotla,1,4,24,0,39,9.75,39,21,5,1,183
472,RR,GT,Uppal,1,19,114,5,156,8.21,56,38,70,0,168
473,RCB,SRH,Kotla,1,16,96,3,138,8.62,71,33,32,0,184
474,RCB,RR,Sawai Mansingh,1,4,24,0,38,9.5,38,12,10,1,191
475,PBKS,KKR,Chinnaswamy,1,2,12,1,20,10.0,20,4,10,1,201
476,Mumbai Indians,RR,Uppal,1,7,42,1,71,10.14,62,13,20,0,210
477,CSK,PBKS,Eden Gardens,1,4,24,2,39,9.75,39,11,15,1,190
478,GT,RR,Mohali,2,9,54,0,91,10.11,60,71,2,0,208
479,RCB,CSK,Chepauk,1,10,60,2,81,8.1,53,42,5,0,174
480,RR,RCB,Eden Gardens,1,13,78,5,124,9.54,53,40,62,0,187
481,KKR,RR,Narendra Modi Stadium,1,13,78,2,128,9.85,37,69,43,0,190
482,KKR,RR,Kotla,2,7,42,0,71,10.14,50,13,20,0,224
483,SRH,PBKS,Eden Gardens,1,5,30,0,55,11.0,55,28,15,1,221
484,RCB,SRH,Dharamsala,1,14,84,2,127,9.07,37,68,3,0,194
485,RCB,PBKS,Eden Gardens,1,6,36,0,56,9.33,47,21,8,1,222
486,KKR,Mumbai Indians,Wankhede,2,9,54,0,102,11.33,48,48,16,0,218
487,DC,RCB,Ekana,1,18,108,7,91,5.06,32,75,1,0,108
488,PBKS,RCB,Sawai Mansingh,2,8,48,1,60,7.5,37,19,11,0,171
489,SRH,KKR,Eden Gardens,1,16,96,2,140,8.75,46,67,22,0,181
490,Mumbai Indians,LSG,Eden Gardens,2,17,102,6,171,10.06,73,42,38,0,203
491,PBKS,DC,Chepauk,2,19,114,6,107,5.63,32,38,30,0,109
492,RCB,SRH,Uppal,2,15,90,6,144,9.6,44,85,0,0,189
493,SRH,RCB,Narendra Modi Stadium,2,16,96,5,113,7.06,52,37,60,0,158
494,GT,SRH,Mohali,1,6,36,1,57,9.5,41,25,4,1,191
495,LSG,KKR,Ekana,2,2,12,0,19,9.5,19,5,11,1,174
496,CSK,PBKS,Eden Gardens,1,5,30,1,49,9.8,49,26,10,1,194
497,Mumbai Indians,DC,Wankhede,1,16,96,5,126,7.88,35,51,42,0,168
498,GT,PBKS,Chinnaswamy,1,7,42,0,60,8.57,33,22,10,0,192
499,RCB,CSK,Uppal,1,15,90,7,134,8.93,36,39,43,0,180
500,SRH,RR,Ekana,1,4,24,0,39,9.75,39,21,4,1,174
501,SRH,KKR,Dharamsala,1,6,36,0,69,11.5,46,37,18,1,198
502,RR,KKR,Narendra Modi Stadium,1,3,18,0,30,10.0,30,12,8,1,189
503,LSG,RR,Eden Gardens,1,4,24,3,44,11.0,44,13,23,1,182
504,RR,DC,Ekana,2,16,96,5,98,6.12,29,63,14,0,130
505,PBKS,GT,Wankhede,1,5,30,0,49,9.8,49,21,17,1,222
506,DC,PBKS,Uppal,1,6,36,0,46,7.67,46,18,20,1,183
507,KKR,PBKS,Dharamsala,2,19,114,4,157,8.26,48,106,32,0,167
508,KKR,LSG,Uppal,1,14,84,4,111,7.93,47,95,3,0,170
509,GT,RR,Wankhede,1,17,102,5,146,8.59,39,58,8,0,168
510,PBKS,SRH,Chinnaswamy,1,13,78,0,122,9.38,56,54,26,0,199
511,DC,SRH,Chepauk,2,14,84,2,125,8.93,56,48,43,0,176
512,SRH,RCB,Chepauk,1,17,102,3,116,6.82,35,19,35,0,139
513,RCB,LSG,Narendra Modi Stadium,1,4,24,1,39,9.75,39,22,12,1,208
514,GT,RR,Chepauk,2,18,108,6,121,6.72,56,44,51,0,142
515,CSK,GT,Wankhede,1,7,42,4,65,9.29,47,37,7,0,184
516,DC,LSG,Chepauk,1,8,48,0,61,7.62,34,37,12,0,151
517,RR,DC,Brabourne,2,13,78,3,108,8.31,42,88,5,0,179
518,DC,Mumbai Indians,Mohali,1,2,12,0,16,8.0,16,6,3,1,202
519,Mumbai Indians,PBKS,Wankhede,1,6,36,3,66,11.0,58,24,14,1,207
520,RR,DC,Eden Gardens,1,10,60,3,94,9.4,47,57,12,0,186
521,SRH,DC,Dharamsala,1,8,48,4,80,10.0,64,52,2,0,186
522,GT,RR,Narendra Modi Stadium,1,7,42,3,49,7.0,32,22,18,0,166
523,CSK,Mumbai Indians,Eden Gardens,1,18,108,7,144,8.0,56,116,12,0,169
524,GT,KKR,Eden Gardens,1,6,36,1,61,10.17,48,40,3,1,203
525,RCB,PBKS,Sawai Mansingh,1,3,18,1,29,9.67,29,14,4,1,179
526,RR,SRH,Dharamsala,1,16,96,6,136,8.5,46,61,31,0,170
527,GT,LSG,Chinnaswamy,1,16,96,5,150,9.38,61,61,14,0,193
528,CSK,DC,Uppal,2,11,66,0,86,7.82,39,43,31,0,179
529,SRH,Mumbai Indians,Chinnaswamy,1,4,24,0,52,13.0,52,28,13,1,253
530,RCB,LSG,Narendra Modi Stadium,1,16,96,6,146,9.12,49,84,22,0,179
531,GT,Mumbai Indians,Dharamsala,2,10,60,2,105,10.5,57,52,1,0,205
532,GT,Mumbai Indians,Ekana,1,17,102,3,129,7.59,57,37,37,0,161
533,LSG,SRH,Chinnaswamy,2,12,72,3,98,8.17,52,35,23,0,182
534,GT,RCB,Uppal,1,10,60,2,95,9.5,55,45,0,0,179
535,Mumbai Indians,RR,Sawai Mansingh,1,6,36,0,52,8.67,38,31,9,1,175
536,GT,PBKS,Chinnaswamy,1,12,72,4,104,8.67,43,20,37,0,177
537,CSK,KKR,Narendra Modi Stadium,1,6,36,0,53,8.83,53,15,17,1,208
538,PBKS,GT,Mohali,1,16,96,5,153,9.56,42,78,54,0,194
539,PBKS,DC,Dharamsala,1,18,108,6,139,7.72,60,70,37,0,157
540,GT,DC,Dharamsala,2,10,60,4,95,9.5,45,38,13,0,176
541,Mumbai Indians,SRH,Wankhede,2,7,42,1,78,11.14,63,12,25,0,236
542,SRH,CSK,Eden Gardens,2,14,84,1,140,10.0,58,50,13,0,206
543,Mumbai Indians,KKR,Brabourne,1,10,60,2,105,10.5,65,50,7,0,218
544,SRH,KKR,Wankhede,1,14,84,2,124,8.86,38,58,8,0,186
545,RCB,CSK,Ekana,1,4,24,3,34,8.5,34,19,0,1,173
546,GT,RR,Dharamsala,1,16,96,4,124,7.75,59,50,23,0,172
547,SRH,LSG,Eden Gardens,1,3,18,0,34,11.33,34,8,7,1,221
548,Mumbai Indians,KKR,Brabourne,1,4,24,2,45,11.25,45,17,4,1,198
549,Mumbai Indians,DC,Uppal,1,17,102,5,136,8.0,67,45,54,0,172
550,CSK,Mumbai Indians,Wankhede,1,4,24,1,47,11.75,47,20,2,1,201
551,GT,Mumbai Indians,Uppal,2,14,84,3,122,8.71,43,44,54,0,178
552,Mumbai Indians,SRH,Narendra Modi Stadium,1,8,48,4,62,7.75,43,25,26,0,162
553,PBKS,SRH,Brabourne,1,7,42,2,61,8.71,58,35,13,0,204
554,RCB,LSG,Mohali,1,12,72,2,107,8.92,51,33,22,0,194
555,Mumbai Indians,PBKS,Eden Gardens,1,8,48,2,76,9.5,55,37,13,0,203
556,DC,RR,Sawai Mansingh,1,5,30,1,40,8.0,35,9,9,1,167
557,KKR,LSG,Mohali,2,12,72,1,106,8.83,43,33,41,0,182
558,LSG,DC,Wankhede,2,8,48,4,59,7.38,35,18,23,0,146
559,RR,CSK,Wankhede,2,6,36,3,64,10.67,64,42,5,1,211
560,RCB,LSG,Kotla,1,14,84,5,126,9.0,51,60,48,0,178
561,RCB,DC,Kotla,1,10,60,5,84,8.4,34,22,33,0,152
562,GT,DC,Mohali,1,7,42,0,58,8.29,49,21,18,0,195
563,LSG,Mumbai Indians,Kotla,1,8,48,2,66,8.25,35,34,20,0,162
564,CSK,RR,Mohali,1,9,54,3,82,9.11,46,44,10,0,178
565,RR,PBKS,Wankhede,1,9,54,5,70,7.78,42,19,14,0,161
566,CSK,DC,Wankhede,1,12,72,4,92,7.67,48,40,29,0,163
567,RCB,GT,Uppal,1,11,66,0,105,9.55,58,47,0,0,228
568,PBKS,KKR,Kotla,2,8,48,6,61,7.62,45,38,2,0,151
569,PBKS,LSG,Kotla,1,19,114,7,126,6.63,45,39,37,0,138
570,PBKS,GT,Uppal,1,2,12,2,18,9.0,18,10,6,1,195
571,LSG,PBKS,Sawai Mansingh,1,14,84,2,94,6.71,38,28,27,0,140
572,Mumbai Indians,SRH,Wankhede,1,4,24,1,43,10.75,43,24,0,1,194
573,GT,Mumbai Indians,Chepauk,1,15,90,5,103,6.87,34,42,46,0,135
574,PBKS,SRH,Chepauk,1,11,66,3,85,7.73,35,16,22,0,154
575,LSG,KKR,Narendra Modi Stadium,1,17,102,3,144,8.47,57,74,36,0,181
576,RCB,PBKS,Kotla,1,15,90,4,119,7.93,43,26,48,0,171
577,RR,GT,Uppal,1,4,24,0,48,12.0,48,22,11,1,203
578,DC,PBKS,Mohali,1,8,48,1,62,7.75,45,40,8,0,171
579,KKR,PBKS,Wankhede,1,5,30,2,53,10.6,42,35,4,1,189
580,RR,RCB,Chepauk,2,5,30,2,35,7.0,35,9,6,1,139
581,KKR,Mumbai Indians,Dharamsala,1,16,96,6,143,8.94,65,31,53,0,180
582,PBKS,KKR,Kotla,1,9,54,0,67,7.44,28,22,32,0,168
583,RCB,LSG,Wankhede,1,5,30,0,62,12.4,61,20,19,1,223
584,RCB,Mumbai Indians,Sawai Mansingh,1,2,12,2,15,7.5,15,9,3,1,165
585,PBKS,RR,Ekana,1,5,30,1,43,8.6,35,20,5,1,169
586,RCB,DC,Chepauk,1,12,72,0,105,8.75,33,58,32,0,171
587,KKR,GT,Ekana,1,2,12,0,19,9.5,19,14,1,1,164
588,SRH,RR,Kotla,1,8,48,0,79,9.88,66,38,13,0,212
589,Mumbai Indians,GT,Sawai Mansingh,1,11,66,3,95,8.64,34,42,39,0,172
590,KKR,PBKS,Narendra Modi Stadium,1,16,96,7,130,8.12,55,64,52,0,158
591,GT,KKR,Kotla,1,15,90,4,132,8.8,40,53,23,0,177
592,SRH,CSK,Eden Gardens,1,7,42,4,66,9.43,48,26,8,0,175
593,CSK,RR,Ekana,1,19,114,5,144,7.58,43,54,19,0,158
594,Mumbai Indians,LSG,Narendra Modi Stadium,2,13,78,5,118,9.08,44,67,12,0,172
595,Mumbai Indians,CSK,Sawai Mansingh,2,7,42,2,58,8.29,43,36,8,0,163
596,PBKS,KKR,Kotla,1,13,78,6,101,7.77,44,48,9,0,153
597,KKR,RCB,Wankhede,1,4,24,2,45,11.25,45,16,14,1,200
598,PBKS,RR,Brabourne,1,19,114,5,178,9.37,65,57,81,0,191
599,DC,RCB,Uppal,2,14,84,4,100,7.14,36,39,24,0,146
600,DC,RCB,Brabourne,1,17,102,6,108,6.35,42,28,23,0,133
601,PBKS,SRH,Dharamsala,2,5,30,0,48,9.6,48,31,0,1,213
602,RR,Mumbai Indians,Dharamsala,1,3,18,2,24,8.0,24,17,0,1,182
603,DC,PBKS,Eden Gardens,1,12,72,4,108,9.0,35,42,23,0,164
604,PBKS,RCB,Wankhede,1,18,108,2,156,8.67,54,98,18,0,182
605,Mumbai Indians,DC,Wankhede,1,3,18,0,34,11.33,34,10,16,1,217
606,SRH,CSK,Brabourne,1,8,48,0,89,11.12,68,24,44,0,237
607,RR,GT,Mohali,1,16,96,3,164,10.25,84,72,9,0,219
608,DC,PBKS,Uppal,1,10,60,3,85,8.5,49,64,9,0,170
609,DC,KKR,Ekana,2,4,24,0,35,8.75,35,21,3,1,178
610,CSK,RR,Chinnaswamy,1,12,72,1,130,10.83,44,80,0,0,208
611,Mumbai Indians,RR,Wankhede,1,8,48,3,85,10.62,65,57,1,0,207
612,Mumbai Indians,GT,Mohali,1,11,66,3,109,9.91,55,20,36,0,195
613,CSK,RR,Brabourne,1,8,48,2,76,9.5,59,36,5,0,212
614,Mumbai Indians,RCB,Mohali,2,11,66,1,110,10.0,54,65,1,0,201
615,PBKS,LSG,Chinnaswamy,1,11,66,5,88,8.0,38,26,44,0,172
616,SRH,RCB,Ekana,1,17,102,4,113,6.65,51,23,28,0,149
617,RCB,PBKS,Sawai Mansingh,1,7,42,5,57,8.14,54,32,10,0,155
618,PBKS,KKR,Wankhede,1,14,84,5,120,8.57,49,68,6,0,178
619,CSK,SRH,Dharamsala,1,16,96,5,134,8.38,45,92,2,0,175
620,LSG,RCB,Sawai Mansingh,1,15,90,5,97,6.47,38,61,20,0,139
621,Mumbai Indians,PBKS,Narendra Modi Stadium,2,18,108,3,149,8.28,68,65,62,0,178
622,Mumbai Indians,GT,Mohali,2,5,30,0,48,9.6,43,14,23,1,213
623,DC,GT,Chepauk,1,2,12,3,14,7.0,14,4,5,1,153
624,GT,DC,Ekana,1,8,48,3,55,6.88,27,15,13,0,143
625,KKR,DC,Uppal,1,15,90,5,101,6.73,27,46,11,0,143
626,KKR,CSK,Dharamsala,2,8,48,4,76,9.5,40,40,22,0,189
627,Mumbai Indians,KKR,Chinnaswamy,1,19,114,5,159,8.37,45,72,61,0,165
628,KKR,PBKS,Chinnaswamy,2,5,30,0,58,11.6,58,35,4,1,221
629,RR,CSK,Wankhede,1,14,84,4,115,8.21,53,61,11,0,165
630,GT,RCB,Dharamsala,1,14,84,1,128,9.14,52,75,3,0,187
631,SRH,RCB,Mohali,2,16,96,2,140,8.75,58,92,30,0,195
632,CSK,LSG,Brabourne,1,4,24,2,42,10.5,42,24,5,1,203
633,PBKS,GT,Brabourne,1,17,102,8,132,7.76,59,88,15,0,164
634,KKR,GT,Dharamsala,1,16,96,5,166,10.38,60,79,1,0,204
635,Mumbai Indians,PBKS,Mohali,1,13,78,2,132,10.15,64,55,21,0,197
636,LSG,PBKS,Kotla,2,18,108,7,111,6.17,37,47,33,0,122
637,DC,RCB,Sawai Mansingh,1,5,30,1,40,8.0,40,18,0,1,161
638,PBKS,DC,Uppal,1,7,42,4,63,9.0,51,17,23,0,169
639,DC,KKR,Chinnaswamy,1,3,18,0,31,10.33,31,17,10,1,206
640,SRH,RCB,Eden Gardens,2,14,84,4,132,9.43,38,22,43,0,176
641,Mumbai Indians,KKR,Wankhede,1,12,72,3,109,9.08,36,62,8,0,177
642,KKR,RR,Chinnaswamy,2,9,54,2,96,10.67,43,63,11,0,209
643,LSG,RCB,Kotla,1,14,84,6,82,5.86,24,25,13,0,123
644,KKR,LSG,Eden Gardens,1,3,18,0,30,10.0,30,9,8,1,229
645,KKR,DC,Wankhede,1,2,12,0,23,11.5,23,5,6,1,206
646,DC,RR,Chinnaswamy,1,2,12,0,19,9.5,19,8,3,1,226
647,LSG,DC,Kotla,1,8,48,3,66,8.25,32,31,27,0,149
648,CSK,LSG,Narendra Modi Stadium,1,11,66,3,93,8.45,50,20,23,0,176
649,GT,DC,Eden Gardens,1,5,30,2,53,10.6,40,34,4,1,183
650,LSG,Mumbai Indians,Brabourne,1,14,84,4,121,8.64,34,58,20,0,172
651,PBKS,RR,Kotla,1,7,42,2,63,9.0,47,32,16,0,176
652,RR,GT,Chinnaswamy,1,3,18,0,35,11.67,35,18,12,1,244
653,Mumbai Indians,KKR,Kotla,1,2,12,0,25,12.5,25,11,10,1,216
654,LSG,RR,Eden Gardens,2,2,12,0,17,8.5,17,13,2,1,222
655,LSG,CSK,Brabourne,2,14,84,2,131,9.36,44,63,7,0,199
656,RCB,SRH,Kotla,2,15,90,3,153,10.2,44,66,62,0,210
657,RCB,RR,Wankhede,1,7,42,2,76,10.86,56,43,13,0,206
658,Mumbai Indians,CSK,Sawai Mansingh,1,5,30,0,52,10.4,40,11,18,1,183
659,LSG,Mumbai Indians,Wankhede,2,5,30,1,57,11.4,57,34,12,1,200
660,Mumbai Indians,GT,Brabourne,1,19,114,5,151,7.95,46,59,65,0,159
661,KKR,PBKS,Sawai Mansingh,1,11,66,4,73,6.64,27,15,23,0,138
662,RR,DC,Chinnaswamy,1,5,30,0,48,9.6,37,21,3,1,203
663,PBKS,RCB,Dharamsala,1,11,66,5,85,7.73,48,25,40,0,168
664,RCB,LSG,Eden Gardens,1,16,96,7,139,8.69,46,75,47,0,171
665,RCB,LSG,Sawai Mansingh,1,17,102,5,125,7.35,56,49,21,0,157
666,SRH,GT,Narendra Modi Stadium,2,14,84,2,136,9.71,60,29,45,0,189
667,Mumbai Indians,DC,Narendra Modi Stadium,1,6,36,2,65,10.83,65,16,21,1,208
668,PBKS,KKR,Kotla,2,3,18,1,25,8.33,25,17,2,1,203
669,CSK,LSG,Mohali,2,7,42,2,62,8.86,37,14,18,0,181
670,RR,SRH,Sawai Mansingh,2,16,96,5,133,8.31,54,98,6,0,168
671,PBKS,SRH,Narendra Modi Stadium,1,10,60,0,92,9.2,61,28,34,0,204
672,Mumbai Indians,KKR,Sawai Mansingh,1,19,114,5,160,8.42,56,81,20,0,174
673,PBKS,KKR,Uppal,1,4,24,1,36,9.0,36,8,9,1,199
674,RR,KKR,Narendra Modi Stadium,1,3,18,0,28,9.33,28,11,2,1,181
675,RR,Mumbai Indians,Eden Gardens,2,14,84,2,127,9.07,43,100,8,0,186
676,RCB,Mumbai Indians,Ekana,2,17,102,6,139,8.18,58,67,1,0,162
677,RCB,LSG,Narendra Modi Stadium,1,18,108,4,178,9.89,72,149,2,0,199
678,LSG,CSK,Chepauk,1,17,102,7,107,6.29,42,85,1,0,124
679,DC,RCB,Uppal,1,10,60,2,84,8.4,56,72,2,0,188
680,RCB,CSK,Ekana,1,13,78,3,118,9.08,59,42,17,0,183
681,DC,LSG,Chinnaswamy,1,18,108,8,161,8.94,51,112,11,0,182
682,RR,PBKS,Chepauk,1,4,24,0,33,8.25,33,13,7,1,179
683,SRH,CSK,Chinnaswamy,1,5,30,3,59,11.8,55,48,5,1,207
684,CSK,RR,Mohali,1,6,36,0,63,10.5,57,42,14,1,206
685,PBKS,SRH,Kotla,1,2,12,0,18,9.0,18,5,3,1,187
686,SRH,PBKS,Narendra Modi Stadium,1,10,60,1,81,8.1,41,42,29,0,167
687,PBKS,SRH,Mohali,1,7,42,0,73,10.43,57,32,30,0,201
688,LSG,RCB,Eden Gardens,1,12,72,4,81,6.75,35,41,6,0,146
689,SRH,RCB,Dharamsala,1,5,30,1,49,9.8,49,14,12,1,216
690,LSG,Mumbai Indians,Eden Gardens,2,2,12,0,16,8.0,16,10,0,1,195
691,GT,PBKS,Narendra Modi Stadium,2,12,72,2,86,7.17,35,67,4,0,156
692,LSG,CSK,Chinnaswamy,2,5,30,1,45,9.0,45,27,5,1,193
693,LSG,Mumbai Indians,Dharamsala,1,15,90,5,122,8.13,54,74,0,0,175
694,PBKS,Mumbai Indians,Eden Gardens,2,18,108,4,181,10.06,71,86,15,0,197
695,DC,GT,Brabourne,1,12,72,2,102,8.5,48,24,39,0,189
696,RCB,PBKS,Brabourne,1,12,72,2,113,9.42,58,65,11,0,200
697,RR,GT,Chepauk,2,8,48,5,50,6.25,34,32,12,0,136
698,RCB,SRH,Dharamsala,1,13,78,3,110,8.46,37,76,15,0,182
699,RR,Mumbai Indians,Uppal,1,6,36,0,62,10.33,57,19,11,1,204
700,CSK,SRH,Eden Gardens,2,8,48,1,70,8.75,58,32,1,0,208
701,SRH,RCB,Chepauk,1,7,42,0,55,7.86,38,16,33,0,163
702,CSK,KKR,Ekana,1,2,12,0,15,7.5,15,4,5,1,152
703,CSK,RCB,Uppal,1,8,48,1,80,10.0,52,43,11,0,200
704,KKR,RR,Sawai Mansingh,1,11,66,4,80,7.27,37,34,18,0,156
705,LSG,PBKS,Sawai Mansingh,1,13,78,3,87,6.69,35,38,24,0,146
706,GT,DC,Sawai Mansingh,1,7,42,2,56,8.0,36,21,9,0,156
707,CSK,Mumbai Indians,Eden Gardens,1,12,72,2,98,8.17,38,30,23,0,165
708,LSG,CSK,Ekana,2,15,90,4,104,6.93,27,25,44,0,147
709,CSK,SRH,Chepauk,1,14,84,3,94,6.71,25,28,33,0,138
710,GT,LSG,Wankhede,1,2,12,0,22,11.0,22,9,8,1,205
711,CSK,GT,Eden Gardens,1,3,18,0,35,11.67,35,10,7,1,227
712,KKR,Mumbai Indians,Wankhede,1,12,72,1,123,10.25,41,78,17,0,205
713,Mumbai Indians,LSG,Uppal,2,3,18,1,36,12.0,36,8,12,1,220
714,CSK,RCB,Eden Gardens,2,15,90,5,129,8.6,45,45,41,0,177
715,KKR,CSK,Uppal,2,4,24,1,47,11.75,47,22,0,1,195
716,KKR,SRH,Sawai Mansingh,1,5,30,3,45,9.0,45,17,9,1,172
717,GT,CSK,Chepauk,1,13,78,1,97,7.46,30,39,23,0,159
718,CSK,RCB,Mohali,2,5,30,1,47,9.4,47,18,12,1,176
719,DC,PBKS,Kotla,1,18,108,5,128,7.11,50,34,34,0,148
720,GT,SRH,Narendra Modi Stadium,1,3,18,2,27,9.0,27,4,8,1,173
721,GT,CSK,Uppal,1,14,84,5,104,7.43,32,49,34,0,155
722,RR,Mumbai Indians,Chinnaswamy,1,17,102,6,158,9.29,54,48,34,0,186
723,Mumbai Indians,SRH,Sawai Mansingh,1,7,42,3,59,8.43,41,13,26,0,160
724,CSK,Mumbai Indians,Wankhede,1,11,66,2,109,9.91,42,36,17,0,194
725,SRH,DC,Narendra Modi Stadium,1,17,102,3,134,7.88,54,98,14,0,168
726,Mumbai Indians,RCB,Sawai Mansingh,2,6,36,1,50,8.33,42,11,16,1,170
727,CSK,RR,Dharamsala,1,16,96,5,154,9.62,58,79,55,0,189
728,GT,DC,Ekana,1,16,96,4,108,6.75,28,40,53,0,133
729,RR,GT,Dharamsala,1,17,102,5,148,8.71,49,55,31,0,183
730,Mumbai Indians,RR,Chepauk,1,11,66,2,101,9.18,50,74,14,0,183
731,KKR,PBKS,Ekana,2,11,66,1,79,7.18,48,21,18,0,167
732,RCB,PBKS,Dharamsala,2,6,36,3,60,10.0,47,27,2,1,199
733,RCB,PBKS,Sawai Mansingh,1,18,108,4,135,7.5,45,29,56,0,150
734,PBKS,CSK,Chepauk,1,11,66,6,79,7.18,40,40,27,0,139
735,RCB,PBKS,Dharamsala,1,18,108,6,145,8.06,40,58,26,0,169
736,CSK,GT,Brabourne,1,8,48,2,83,10.38,43,63,7,0,201
737,RR,Mumbai Indians,Mohali,1,8,48,4,57,7.12,31,28,9,0,146
738,CSK,RR,Sawai Mansingh,1,7,42,2,64,9.14,57,23,25,0,186
739,RCB,LSG,Brabourne,1,7,42,2,70,10.0,41,39,11,0,200
740,CSK,SRH,Sawai Mansingh,2,6,36,0,48,8.0,37,32,3,1,167
741,DC,RCB,Mohali,2,16,96,3,148,9.25,62,64,6,0,190
742,LSG,DC,Mohali,1,6,36,3,49,8.17,40,34,8,1,169
743,LSG,RCB,Ekana,1,18,108,5,134,7.44,46,30,54,0,152
744,KKR,CSK,Dharamsala,1,17,102,5,153,9.0,75,36,40,0,189
745,PBKS,CSK,Wankhede,1,5,30,1,49,9.8,38,11,14,1,196
746,LSG,GT,Kotla,1,17,102,4,139,8.18,50,61,52,0,162
747,CSK,KKR,Wankhede,2,2,12,0,23,11.5,23,16,3,1,215
748,KKR,SRH,Narendra Modi Stadium,1,19,114,5,164,8.63,66,54,61,0,174
749,CSK,SRH,Kotla,1,19,114,6,127,6.68,40,71,35,0,137
750,GT,LSG,Uppal,1,3,18,4,29,9.67,29,16,9,1,167
751,PBKS,RR,Kotla,1,3,18,0,29,9.67,29,15,9,1,203
752,LSG,Mumbai Indians,Eden Gardens,2,15,90,4,141,9.4,62,28,52,0,193
753,KKR,DC,Sawai Mansingh,1,9,54,5,51,5.67,36,35,3,0,126
754,PBKS,LSG,Brabourne,1,15,90,5,137,9.13,51,84,33,0,184
755,Mumbai Indians,KKR,Kotla,1,2,12,0,20,10.0,20,5,12,1,214
756,Mumbai Indians,CSK,Wankhede,1,7,42,0,67,9.57,61,28,32,0,231
757,CSK,LSG,Chinnaswamy,1,19,114,5,158,8.32,48,69,28,0,167
758,RR,DC,Brabourne,1,5,30,0,49,9.8,49,15,13,1,224
759,GT,KKR,Uppal,2,8,48,2,75,9.38,57,22,43,0,188
760,RR,PBKS,Uppal,2,4,24,0,37,9.25,37,21,2,1,178
761,RCB,PBKS,Narendra Modi Stadium,1,11,66,3,80,7.27,35,37,28,0,162
762,Mumbai Indians,DC,Brabourne,2,15,90,1,166,11.07,68,74,42,0,244
763,SRH,PBKS,Ekana,1,18,108,7,86,4.78,34,38,27,0,97
764,GT,RR,Eden Gardens,1,3,18,0,33,11.0,33,8,18,1,201
765,DC,RR,Chepauk,1,2,12,0,20,10.0,20,3,7,1,172
766,LSG,GT,Eden Gardens,2,16,96,6,149,9.31,52,64,12,0,183
767,Mumbai Indians,RCB,Dharamsala,1,16,96,7,141,8.81,45,80,26,0,169
768,KKR,DC,Chinnaswamy,1,16,96,5,133,8.31,61,42,58,0,184
769,RCB,Mumbai Indians,Eden Gardens,1,13,78,1,125,9.62,54,23,42,0,196
770,LSG,Mumbai Indians,Chinnaswamy,1,12,72,4,106,8.83,49,34,30,0,180
771,RCB,PBKS,Dharamsala,1,4,24,2,47,11.75,47,29,7,1,213
772,GT,Mumbai Indians,Ekana,1,18,108,5,122,6.78,51,47,25,0,137
773,CSK,KKR,Mohali,2,15,90,1,134,8.93,46,64,21,0,201
774,GT,KKR,Sawai Mansingh,1,6,36,1,54,9.0,37,27,7,1,179
775,KKR,RCB,Mohali,1,5,30,1,44,8.8,44,12,24,1,196
776,RCB,GT,Narendra Modi Stadium,2,15,90,2,142,9.47,39,83,38,0,197
777,Mumbai Indians,CSK,Brabourne,2,16,96,5,161,10.06,76,103,12,0,214
778,LSG,DC,Dharamsala,1,14,84,2,118,8.43,39,60,34,0,168
779,LSG,GT,Narendra Modi Stadium,1,15,90,3,113,7.53,50,57,38,0,163
780,LSG,DC,Chinnaswamy,1,7,42,4,55,7.86,50,18,13,0,188
781,KKR,RR,Chepauk,1,19,114,5,154,8.11,58,24,45,0,162
782,LSG,PBKS,Brabourne,1,6,36,0,60,10.0,59,44,5,1,222
783,CSK,RCB,Uppal,2,5,30,1,50,10.0,48,26,6,1,195
784,DC,Mumbai Indians,Sawai Mansingh,1,18,108,4,122,6.78,44,29,60,0,142
785,KKR,LSG,Uppal,1,17,102,5,169,9.94,85,44,89,0,205
786,LSG,KKR,Brabourne,1,15,90,3,147,9.8,44,62,27,0,196
787,RR,KKR,Uppal,1,17,102,4,160,9.41,57,78,48,0,192
788,KKR,PBKS,Chinnaswamy,1,12,72,4,114,9.5,39,94,2,0,185
789,Mumbai Indians,RR,Uppal,1,15,90,5,117,7.8,40,27,46,0,167
790,DC,Mumbai Indians,Uppal,1,9,54,1,77,8.56,48,61,6,0,183
791,GT,Mumbai Indians,Brabourne,1,14,84,2,117,8.36,48,49,30,0,185
792,GT,PBKS,Brabourne,1,7,42,0,68,9.71,58,21,38,0,223
793,GT,CSK,Narendra Modi Stadium,1,17,102,5,115,6.76,37,55,38,0,139
794,RR,CSK,Chinnaswamy,1,15,90,5,122,8.13,53,57,3,0,177
795,LSG,RR,Eden Gardens,1,2,12,0,20,10.0,20,10,2,1,201
796,GT,RR,Mohali,1,19,114,6,158,8.32,67,54,71,0,170
797,Mumbai Indians,PBKS,Kotla,1,17,102,4,144,8.47,37,102,18,0,167
798,PBKS,SRH,Narendra Modi Stadium,2,9,54,1,77,8.56,54,33,2,0,186
799,Mumbai Indians,RR,Brabourne,1,19,114,4,194,10.21,72,147,15,0,202
800,CSK,PBKS,Chepauk,2,7,42,2,50,7.14,29,29,13,0,143
801,SRH,RCB,Brabourne,2,15,90,4,127,8.47,45,53,39,0,176
802,RR,GT,Dharamsala,1,13,78,4,120,9.23,61,51,53,0,190
803,SRH,Mumbai Indians,Eden Gardens,1,6,36,1,60,10.0,40,16,23,1,184
804,RCB,CSK,Eden Gardens,1,9,54,2,84,9.33,43,51,21,0,194
805,LSG,PBKS,Uppal,1,8,48,3,55,6.88,28,32,12,0,150
806,LSG,RR,Brabourne,2,17,102,7,120,7.06,56,50,11,0,149
807,Mumbai Indians,RCB,Narendra Modi Stadium,2,15,90,4,116,7.73,38,44,32,0,163
808,CSK,KKR,Chepauk,2,10,60,2,89,8.9,54,57,10,0,188
809,RCB,Mumbai Indians,Eden Gardens,2,13,78,0,120,9.23,40,32,62,0,192
810,KKR,Mumbai Indians,Ekana,1,5,30,0,48,9.6,36,17,10,1,168
811,RR,LSG,Dharamsala,1,2,12,5,21,10.5,21,12,1,1,170
812,Mumbai Indians,RCB,Brabourne,2,6,36,0,65,10.83,64,29,9,1,223
813,LSG,Mumbai Indians,Eden Gardens,2,12,72,5,89,7.42,43,21,35,0,158
814,GT,RCB,Brabourne,1,7,42,2,59,8.43,44,10,21,0,178
815,CSK,DC,Mohali,1,4,24,0,41,10.25,41,16,5,1,196
816,RCB,Mumbai Indians,Kotla,1,16,96,5,114,7.12,55,56,41,0,162
817,RR,Mumbai Indians,Sawai Mansingh,1,7,42,1,51,7.29,32,23,22,0,163
818,SRH,DC,Ekana,1,18,108,5,123,6.83,39,59,17,0,147
819,PBKS,DC,Dharamsala,2,11,66,0,99,9.0,55,47,9,0,200
820,GT,RCB,Mohali,1,12,72,3,93,7.75,30,63,8,0,157
821,RCB,PBKS,Mohali,1,5,30,0,49,9.8,49,29,6,1,205
822,PBKS,SRH,Kotla,1,13,78,4,107,8.23,32,44,48,0,167
823,GT,CSK,Sawai Mansingh,1,10,60,2,96,9.6,62,61,23,0,192
824,RCB,LSG,Dharamsala,1,3,18,1,38,12.67,38,24,6,1,218
825,RCB,KKR,Chepauk,1,4,24,1,31,7.75,31,19,2,1,171
826,DC,CSK,Mohali,1,14,84,2,131,9.36,58,45,55,0,188
827,RCB,PBKS,Eden Gardens,2,15,90,3,138,9.2,59,39,34,0,195
828,Mumbai Indians,PBKS,Chinnaswamy,1,6,36,2,63,10.5,42,18,21,1,189
829,PBKS,SRH,Wankhede,1,15,90,3,130,8.67,42,84,17,0,179
830,DC,RCB,Ekana,1,16,96,6,74,4.62,24,22,25,0,106
831,SRH,GT,Eden Gardens,2,12,72,4,133,11.08,70,21,43,0,221
832,LSG,RR,Kotla,1,16,96,5,121,7.56,56,57,0,0,160
833,DC,RR,Wankhede,1,7,42,1,57,8.14,33,31,13,0,181
834,CSK,GT,Chinnaswamy,1,6,36,1,66,11.0,66,31,19,1,248
835,GT,SRH,Wankhede,1,13,78,1,101,7.77,41,47,31,0,181
836,PBKS,LSG,Wankhede,1,10,60,1,95,9.5,62,78,6,0,200
837,RR,GT,Narendra Modi Stadium,2,9,54,1,70,7.78,45,28,9,0,190
838,RCB,RR,Uppal,1,8,48,2,65,8.12,37,35,11,0,172
839,DC,KKR,Chinnaswamy,1,16,96,4,156,9.75,44,87,7,0,199
840,SRH,KKR,Narendra Modi Stadium,1,14,84,2,120,8.57,57,64,24,0,182
841,GT,DC,Uppal,1,12,72,2,103,8.58,47,22,43,0,178
842,SRH,KKR,Sawai Mansingh,2,6,36,1,61,10.17,45,19,11,1,172
843,PBKS,GT,Sawai Mansingh,1,8,48,1,61,7.62,49,37,16,0,179
844,KKR,PBKS,Mohali,2,11,66,2,96,8.73,40,43,23,0,184
845,CSK,PBKS,Ekana,1,15,90,3,107,7.13,48,71,6,0,147
846,LSG,KKR,Chepauk,1,17,102,4,122,7.18,53,57,19,0,157
847,RCB,SRH,Eden Gardens,2,9,54,3,98,10.89,48,36,28,0,200
848,KKR,RCB,Mohali,1,5,30,0,54,10.8,54,12,18,1,183
849,PBKS,GT,Mohali,2,4,24,2,46,11.5,46,35,6,1,189
850,Mumbai Indians,RR,Sawai Mansingh,2,3,18,0,31,10.33,31,7,12,1,189
851,LSG,CSK,Brabourne,1,15,90,5,137,9.13,43,92,12,0,188
852,KKR,RR,Eden Gardens,1,16,96,6,129,8.06,38,55,11,0,161
853,DC,LSG,Brabourne,1,7,42,1,63,9.0,55,29,2,0,198
854,KKR,Mumbai Indians,Kotla,1,6,36,3,61,10.17,61,43,11,1,197
855,DC,RCB,Ekana,2,12,72,5,66,5.5,29,34,6,0,120
856,RR,KKR,Kotla,1,5,30,0,51,10.2,51,40,3,1,214
857,GT,KKR,Brabourne,1,3,18,1,31,10.33,31,18,3,1,201
858,Mumbai Indians,SRH,Ekana,1,9,54,3,63,7.0,40,33,2,0,150
859,LSG,RR,Narendra Modi Stadium,1,8,48,5,66,8.25,36,36,0,0,152
860,GT,Mumbai Indians,Eden Gardens,2,4,24,0,34,8.5,34,13,10,1,198
861,Mumbai Indians,PBKS,Chinnaswamy,1,16,96,6,150,9.38,51,99,9,0,187
862,SRH,GT,Uppal,2,11,66,5,100,9.09,48,31,42,0,189
863,SRH,Mumbai Indians,Eden Gardens,2,18,108,7,145,8.06,53,56,44,0,159
864,KKR,LSG,Uppal,1,12,72,3,118,9.83,64,64,0,0,191
865,PBKS,RCB,Chepauk,1,7,42,0,47,6.71,40,16,9,0,166
866,RR,DC,Chepauk,1,13,78,3,104,8.0,44,27,55,0,160
867,PBKS,DC,Dharamsala,2,16,96,5,113,7.06,39,50,41,0,156
868,KKR,GT,Mohali,2,5,30,0,51,10.2,51,44,0,1,198
869,SRH,KKR,Uppal,2,14,84,2,113,8.07,42,40,55,0,174
870,PBKS,RCB,Chepauk,1,8,48,4,54,6.75,36,30,10,0,135
871,Mumbai Indians,RCB,Chinnaswamy,2,12,72,3,113,9.42,42,35,34,0,195
872,RR,Mumbai Indians,Chepauk,1,15,90,2,120,8.0,50,51,6,0,171
873,Mumbai Indians,GT,Eden Gardens,2,17,102,6,151,8.88,39,45,57,0,178
874,KKR,CSK,Dharamsala,1,10,60,3,97,9.7,41,30,28,0,188
875,GT,PBKS,Wankhede,1,11,66,3,81,7.36,33,35,9,0,161
876,KKR,DC,Brabourne,2,6,36,0,54,9.0,48,17,30,1,215
877,CSK,DC,Eden Gardens,2,8,48,3,63,7.88,30,45,8,0,159
878,Mumbai Indians,SRH,Brabourne,2,8,48,2,75,9.38,46,25,36,0,206
879,LSG,GT,Chinnaswamy,1,8,48,0,70,8.75,38,52,10,0,194
880,CSK,SRH,Wankhede,1,15,90,5,120,8.0,53,88,11,0,178
881,KKR,CSK,Dharamsala,1,14,84,7,127,9.07,35,57,48,0,165
882,RCB,LSG,Brabourne,1,3,18,1,34,11.33,34,19,6,1,230
883,PBKS,RCB,Chepauk,2,6,36,2,52,8.67,45,30,0,1,165
884,LSG,DC,Wankhede,2,12,72,5,86,7.17,36,57,2,0,145
885,CSK,Mumbai Indians,Eden Gardens,2,4,24,2,41,10.25,41,8,18,1,190
886,RR,RCB,Eden Gardens,1,13,78,3,122,9.38,49,58,42,0,181
887,RCB,KKR,Dharamsala,1,5,30,0,54,10.8,54,24,7,1,228
888,LSG,RR,Chepauk,1,13,78,5,96,7.38,28,51,31,0,145
889,RCB,Mumbai Indians,Chepauk,1,9,54,2,64,7.11,40,42,10,0,156
890,LSG,RR,Narendra Modi Stadium,1,10,60,4,81,8.1,55,24,19,0,173
891,GT,SRH,Dharamsala,1,12,72,3,109,9.08,49,46,7,0,182
892,RR,RCB,Eden Gardens,1,15,90,7,110,7.33,49,51,7,0,156
893,KKR,Mumbai Indians,Kotla,2,13,78,1,127,9.77,52,53,43,0,192
894,RCB,KKR,Brabourne,1,15,90,4,167,11.13,73,85,12,0,231
895,RCB,RR,Wankhede,1,19,114,6,176,9.26,59,59,58,0,192
896,KKR,PBKS,Chepauk,1,14,84,5,98,7.0,31,36,49,0,135
897,LSG,RCB,Kotla,1,10,60,3,81,8.1,46,45,8,0,156
898,LSG,SRH,Chepauk,1,12,72,3,92,7.67,48,46,5,0,152
899,SRH,RR,Kotla,1,4,24,0,48,12.0,48,33,2,1,228
900,CSK,RR,Brabourne,2,10,60,1,93,9.3,45,36,6,0,203
901,SRH,KKR,Ekana,1,10,60,3,69,6.9,34,39,8,0,135
902,CSK,LSG,Chinnaswamy,2,9,54,0,93,10.33,51,46,26,0,221
903,SRH,GT,Wankhede,2,15,90,4,123,8.2,53,91,8,0,183
904,DC,LSG,Kotla,1,3,18,0,29,9.67,29,12,11,1,188
905,GT,DC,Brabourne,1,13,78,4,121,9.31,50,61,37,0,178
906,CSK,PBKS,Eden Gardens,1,7,42,3,68,9.71,51,27,13,0,194
907,RCB,DC,Wankhede,1,11,66,2,117,10.64,53,41,48,0,204
908,PBKS,RR,Chepauk,1,19,114,4,137,7.21,57,75,40,0,155
909,DC,KKR,Mohali,2,9,54,2,87,9.67,43,28,19,0,174
910,Mumbai Indians,SRH,Mohali,1,19,114,7,180,9.47,59,91,36,0,193
911,DC,RR,Sawai Mansingh,1,9,54,0,70,7.78,52,30,9,0,177
912,GT,SRH,Narendra Modi Stadium,1,9,54,5,72,8.0,43,50,14,0,156
913,SRH,LSG,Mohali,1,4,24,1,41,10.25,41,12,12,1,189
914,RR,LSG,Brabourne,1,17,102,7,130,7.65,49,69,7,0,157
915,LSG,GT,Sawai Mansingh,1,19,114,3,169,8.89,65,53,81,0,182
916,RCB,KKR,Kotla,2,7,42,1,62,8.86,42,22,8,0,204
917,PBKS,LSG,Sawai Mansingh,1,6,36,1,58,9.67,44,17,11,1,170
918,CSK,DC,Mohali,2,18,108,6,165,9.17,55,57,17,0,180
919,RR,Mumbai Indians,Ekana,1,4,24,1,36,9.0,36,20,1,1,169
920,DC,RCB,Mohali,1,7,42,4,51,7.29,41,42,2,0,167
921,RR,LSG,Chinnaswamy,1,7,42,2,69,9.86,55,27,14,0,219
922,PBKS,SRH,Chinnaswamy,1,4,24,1,40,10.0,40,16,16,1,212
923,Mumbai Indians,SRH,Dharamsala,1,5,30,2,57,11.4,57,37,2,1,202
924,DC,RCB,Mohali,2,11,66,4,83,7.55,29,30,11,0,148
925,SRH,RR,Dharamsala,1,18,108,5,176,9.78,57,40,64,0,192
926,RR,PBKS,Kotla,1,19,114,6,116,6.11,44,43,18,0,121
927,KKR,CSK,Mohali,2,9,54,3,70,7.78,51,34,3,0,174
928,KKR,DC,Chepauk,2,9,54,3,72,8.0,36,45,9,0,158
929,RR,KKR,Dharamsala,2,10,60,3,76,7.6,46,14,28,0,176
930,SRH,RCB,Dharamsala,1,4,24,0,46,11.5,46,15,15,1,210
931,RR,PBKS,Uppal,1,11,66,3,107,9.73,42,48,4,0,177
932,Mumbai Indians,SRH,Mohali,1,9,54,5,61,6.78,40,22,7,0,154
933,RCB,SRH,Ekana,2,18,108,6,120,6.67,46,78,25,0,144
934,Mumbai Indians,PBKS,Sawai Mansingh,1,11,66,4,84,7.64,36,22,43,0,149
935,KKR,GT,Uppal,1,6,36,0,64,10.67,41,36,13,1,194
936,CSK,KKR,Wankhede,1,3,18,1,30,10.0,30,15,1,1,192
937,Mumbai Indians,SRH,Ekana,1,11,66,0,90,8.18,37,66,14,0,172
938,RCB,SRH,Narendra Modi Stadium,2,9,54,4,84,9.33,63,46,25,0,190
939,RR,RCB,Wankhede,1,19,114,6,165,8.68,60,93,15,0,174
940,DC,LSG,Eden Gardens,1,6,36,1,60,10.0,43,31,1,1,193
941,SRH,GT,Sawai Mansingh,1,11,66,3,81,7.36,46,60,4,0,158
942,DC,GT,Chepauk,1,18,108,6,103,5.72,32,54,0,0,122
943,LSG,KKR,Chepauk,1,16,96,5,101,6.31,46,26,47,0,141
944,CSK,Mumbai Indians,Wankhede,2,3,18,0,28,9.33,28,10,11,1,199
945,LSG,DC,Ekana,2,16,96,5,117,7.31,38,65,15,0,148
946,SRH,RR,Brabourne,2,9,54,3,97,10.78,65,40,9,0,219
947,Mumbai Indians,DC,Mohali,1,7,42,4,55,7.86,37,19,7,0,147
948,RR,PBKS,Chepauk,1,8,48,2,71,8.88,59,30,4,0,186
949,LSG,PBKS,Chepauk,1,10,60,2,64,6.4,41,17,13,0,146
950,PBKS,DC,Wankhede,1,16,96,6,134,8.38,71,56,4,0,172
951,SRH,PBKS,Sawai Mansingh,1,10,60,1,88,8.8,44,39,14,0,180
952,SRH,RR,Uppal,1,16,96,7,162,10.12,59,78,3,0,200
953,KKR,CSK,Chepauk,1,6,36,1,57,9.5,57,30,4,1,182
954,SRH,DC,Dharamsala,1,5,30,1,51,10.2,51,11,16,1,195
955,KKR,LSG,Wankhede,1,14,84,2,133,9.5,53,41,29,0,199
956,Mumbai Indians,SRH,Chepauk,1,4,24,0,30,7.5,30,9,11,1,183
957,CSK,KKR,Chepauk,2,9,54,1,71,7.89,40,34,24,0,167
958,RR,LSG,Chepauk,1,4,24,0,32,8.0,32,21,4,1,167
959,SRH,Mumbai Indians,Brabourne,1,12,72,4,114,9.5,38,41,23,0,186
960,SRH,DC,Mohali,1,17,102,4,130,7.65,43,55,24,0,160
961,PBKS,SRH,Mohali,1,6,36,0,64,10.67,52,26,27,1,194
962,RCB,LSG,Ekana,2,8,48,4,57,7.12,27,20,15,0,149
963,RR,KKR,Kotla,1,17,102,6,118,6.94,47,53,17,0,142
964,GT,SRH,Kotla,1,2,12,0,20,10.0,20,9,2,1,200
965,GT,RR,Eden Gardens,2,6,36,2,65,10.83,51,22,14,1,204
966,SRH,RR,Narendra Modi Stadium,1,12,72,3,113,9.42,57,40,39,0,194
967,KKR,SRH,Ekana,1,2,12,1,15,7.5,15,10,0,1,173
968,RR,CSK,Mohali,1,8,48,1,77,9.62,61,19,17,0,198
969,DC,SRH,Narendra Modi Stadium,1,10,60,1,91,9.1,56,23,25,0,180
970,KKR,GT,Narendra Modi Stadium,1,14,84,3,113,8.07,37,20,38,0,163
971,PBKS,CSK,Eden Gardens,1,6,36,0,60,10.0,60,19,20,1,226
972,RCB,LSG,Eden Gardens,2,5,30,1,48,9.6,48,9,20,1,211
973,PBKS,RCB,Eden Gardens,1,3,18,0,30,10.0,30,11,12,1,204
974,RCB,LSG,Chinnaswamy,1,9,54,4,80,8.89,36,20,28,0,182
975,GT,PBKS,Dharamsala,2,6,36,1,58,9.67,43,26,1,1,180
976,KKR,SRH,Wankhede,1,9,54,3,89,9.89,47,43,12,0,186
977,SRH,Mumbai Indians,Dharamsala,1,15,90,6,138,9.2,35,82,23,0,185
978,PBKS,KKR,Chepauk,1,11,66,3,75,6.82,43,35,24,0,145
979,RR,PBKS,Chinnaswamy,1,16,96,3,132,8.25,36,61,46,0,173
980,RR,KKR,Ekana,2,13,78,2,110,8.46,53,21,39,0,167
981,RCB,DC,Kotla,1,14,84,2,136,9.71,50,63,34,0,184
982,Mumbai Indians,LSG,Ekana,1,2,12,1,18,9.0,18,5,6,1,158
983,KKR,PBKS,Brabourne,2,4,24,0,39,9.75,39,14,11,1,201
984,Mumbai Indians,SRH,Chepauk,1,4,24,1,41,10.25,41,18,13,1,176
985,SRH,CSK,Brabourne,1,8,48,2,76,9.5,47,58,9,0,212
986,RR,LSG,Brabourne,1,10,60,2,89,8.9,40,19,38,0,189
987,LSG,PBKS,Narendra Modi Stadium,2,17,102,5,145,8.53,63,86,3,0,176
988,RCB,DC,Brabourne,1,15,90,3,133,8.87,43,77,0,0,195
989,GT,PBKS,Eden Gardens,2,4,24,0,45,11.25,45,17,20,1,216
990,RCB,DC,Narendra Modi Stadium,1,7,42,3,70,10.0,61,44,13,0,183
991,CSK,GT,Narendra Modi Stadium,1,5,30,0,52,10.4,52,28,13,1,196
992,DC,GT,Sawai Mansingh,1,14,84,5,90,6.43,39,34,10,0,132
993,KKR,Mumbai Indians,Narendra Modi Stadium,2,17,102,6,116,6.82,38,34,60,0,137
994,KKR,RCB,Dharamsala,1,10,60,2,93,9.3,53,33,9,0,187
995,KKR,RR,Sawai Mansingh,1,17,102,3,145,8.53,46,81,15,0,180
996,PBKS,DC,Dharamsala,1,2,12,0,22,11.0,22,7,3,1,201
997,CSK,SRH,Sawai Mansingh,2,9,54,2,73,8.11,45,32,3,0,169
998,Mumbai Indians,GT,Mohali,1,7,42,4,59,8.43,55,15,28,0,174
999,GT,SRH,Chepauk,2,11,66,1,79,7.18,29,32,20,0,149
1000,RCB,PBKS,Wankhede,1,9,54,1,85,9.44,42,25,30,0,183
